{"stats":{"minecraft:used":{"minecraft:iron_bars":3,"minecraft:polished_granite_stairs":2,"minecraft:flint_and_steel":17,"minecraft:shield":19,"minecraft:iron_sword":25,"minecraft:torch":91,"minecraft:brewing_stand":1,"scalinghealth:heart_crystal":7,"minecraft:granite":2,"minecraft:wooden_axe":12,"minecraft:lava_bucket":2,"minecraft:iron_axe":9,"minecraft:quartz_block":3,"minecraft:stone_bricks":1,"minecraft:bow":8,"minecraft:furnace":2,"minecraft:cobbled_deepslate":8,"minecraft:acacia_planks":2,"minecraft:cooked_mutton":2,"minecraft:mossy_stone_bricks":1,"minecraft:glass_bottle":1,"minecraft:stone_pickaxe":132,"minecraft:baked_potato":2,"minecraft:wooden_pickaxe":7,"minecraft:chainmail_helmet":1,"minecraft:cracked_stone_bricks":17,"minecraft:glow_item_frame":2,"minecraft:crafting_table":10,"minecraft:lime_bed":1,"simplyswords:diamond_warglaive":64,"quark:acacia_chest":1,"spore:tumor":1,"minecraft:gray_concrete":3,"minecraft:wooden_hoe":11,"minecraft:acacia_stairs":1,"minecraft:diamond_pickaxe":358,"minecraft:diamond_shovel":3,"minecraft:bread":2,"minecraft:iron_pickaxe":18,"minecraft:stone_axe":59,"minecraft:cobblestone":203,"minecraft:potion":2,"minecraft:chainmail_boots":1,"minecraft:bucket":3,"minecraft:brush":18,"alexsmobs:animal_dictionary":1},"minecraft:killed":{"vampirism:vampire":2,"minecraft:spider":2,"spore:leaper":2,"alexsmobs:murmur":1,"minecraft:slime":4,"minecraft:skeleton":1,"minecraft:silverfish":10,"spore:inf_player":2,"minecraft:bat":2,"spore:brute":1,"minecraft:creeper":1,"spore:inf_pillager":6,"minecraft:sheep":2,"spore:inf_villager":3,"minecraft:zombie":3,"spore:inf_human":4,"spore:busser":1},"minecraft:crafted":{"spore:claw":1,"minecraft:furnace":2,"sophisticatedbackpacks:crafting_upgrade":1,"minecraft:cooked_mutton":4,"minecraft:flint_and_steel":1,"quark:acacia_chest":5,"minecraft:iron_axe":1,"minecraft:stone_pickaxe":2,"sophisticatedbackpacks:iron_backpack":1,"minecraft:wheat":54,"sophisticatedbackpacks:backpack":1,"iceandfire:silver_ingot":1,"minecraft:crafting_table":6,"minecraft:wooden_pickaxe":1,"minecraft:copper_ingot":1,"sophisticatedbackpacks:gold_backpack":1,"minecraft:gold_block":14,"minecraft:bucket":2,"minecraft:stone_axe":2,"sophisticatedbackpacks:upgrade_base":1,"minecraft:bread":18,"minecraft:air":0,"minecraft:jungle_planks":44,"minecraft:wooden_hoe":1,"quark:torch_arrow":4,"minecraft:yellow_dye":3,"minecraft:shield":1,"minecraft:stick":36,"minecraft:wooden_axe":1,"spore:plated_muscle":4,"minecraft:stone_sword":2,"minecraft:gold_ingot":2,"minecraft:acacia_planks":8,"minecraft:torch":64},"minecraft:picked_up":{"minecraft:wooden_axe":2,"minecraft:iron_chestplate":1,"minecraft:crafting_table":24,"spore:mutated_heart":5,"minecraft:wheat":1,"minecraft:chainmail_boots":2,"minecraft:brown_mushroom":2,"minecraft:lead":3,"minecraft:wooden_pickaxe":4,"minecraft:stone_brick_wall":1,"minecraft:potion":3,"minecraft:enchanted_book":3,"minecraft:brewing_stand":2,"minecraft:cornflower":6,"minecraft:string":5,"spore:innards":2,"minecraft:sticky_piston":1,"minecraft:cracked_stone_bricks":68,"minecraft:gold_nugget":18,"minecraft:cobbled_deepslate":8,"minecraft:calcite":8,"minecraft:poppy":1,"minecraft:melon_slice":17,"minecraft:chest":2,"minecraft:egg":24,"minecraft:furnace":7,"minecraft:stick":8,"spore:tumor":1,"minecraft:raw_iron":25,"minecraft:glow_item_frame":2,"minecraft:bowl":1,"minecraft:torch":64,"minecraft:acacia_log":12,"minecraft:redstone":21,"minecraft:quartz_block":11,"minecraft:polished_granite_stairs":12,"minecraft:stone_sword":6,"minecraft:arrow":27,"minecraft:light_gray_bed":1,"minecraft:rotten_flesh":15,"quark:acacia_chest":1,"minecraft:diamond_boots":1,"minecraft:hay_block":6,"minecraft:brick_stairs":3,"spore:tendons":31,"minecraft:mutton":4,"minecraft:iron_bars":38,"minecraft:cobblestone":174,"minecraft:lime_bed":3,"minecraft:repeater":5,"minecraft:tripwire_hook":1,"minecraft:jungle_log":25,"minecraft:andesite":1,"minecraft:leather":16,"minecraft:yellow_dye":3,"minecraft:red_mushroom":4,"minecraft:potato":20,"jeg:scrap":67,"scalinghealth:heart_crystal":5,"minecraft:gray_concrete":18,"minecraft:cooked_mutton":2,"minecraft:leather_boots":4,"minecraft:bone":6,"minecraft:acacia_planks":3,"minecraft:stone_bricks":6,"minecraft:wheat_seeds":12,"minecraft:raw_gold":1,"minecraft:iron_ingot":1,"minecraft:stone_pickaxe":10,"minecraft:cooked_chicken":8,"spore:mutated_fiber":42,"minecraft:mossy_stone_bricks":5,"minecraft:glass_bottle":4,"minecraft:glowstone_dust":3,"minecraft:mossy_stone_brick_stairs":1,"jeg:tech_trash":2,"minecraft:book":6,"iceandfire:copper_nugget":14,"scalinghealth:heart_crystal_shard":3,"spore:cerebrum":5,"spore:armor_fragment":32,"minecraft:brush":1,"minecraft:dandelion":3,"minecraft:gravel":1,"minecraft:jungle_planks":4,"minecraft:nether_brick_stairs":5,"minecraft:fermented_spider_eye":1,"minecraft:acacia_stairs":1,"minecraft:mossy_cobblestone":8,"alexsmobs:animal_dictionary":9,"minecraft:spider_eye":2,"spore:claw_fragment":27,"minecraft:diamond":7,"minecraft:slime_ball":2,"minecraft:stone_axe":9,"minecraft:granite":18,"minecraft:crossbow":1,"minecraft:gray_wool":6,"minecraft:emerald":7,"minecraft:bread":3,"minecraft:chainmail_helmet":2,"spore:spine_fragment":4,"minecraft:oak_sapling":1,"minecraft:baked_potato":4,"minecraft:black_wool":8,"minecraft:coal":54,"iceandfire:silver_nugget":10,"iceandfire:raw_silver":5,"minecraft:sunflower":1},"minecraft:killed_by":{"minecraft:player":1,"spore:inf_human":5,"spore:inf_pillager":1,"spore:spitter":1,"spore:inf_player":6,"spore:inf_villager":3,"minecraft:skeleton":4,"minecraft:zombie":13,"spore:inf_witch":1,"vampirism:vampire":1,"spore:leaper":2},"minecraft:mined":{"spore:wall_growths_big":3,"spore:wall_growths":5,"iceandfire:silver_ore":3,"minecraft:mossy_cobblestone":22,"minecraft:deepslate_diamond_ore":4,"iceandfire:copper_pile":2,"minecraft:brewing_stand":1,"minecraft:nether_bricks":5,"minecraft:granite":1,"minecraft:infested_cobblestone":4,"minecraft:yellow_carpet":1,"minecraft:jungle_log":11,"spore:fungal_stem":9,"minecraft:light_gray_bed":1,"minecraft:redstone_wire":7,"quark:acacia_chest":1,"spore:growths_small":9,"minecraft:spawner":11,"minecraft:hay_block":6,"minecraft:redstone_ore":1,"minecraft:furnace":2,"minecraft:mossy_cobblestone_stairs":5,"spore:blomfung":3,"minecraft:iron_ore":14,"minecraft:sticky_piston":2,"minecraft:fire":4,"minecraft:acacia_stairs":1,"minecraft:andesite":1,"spore:growth_mycelium":5,"minecraft:nether_brick_stairs":11,"minecraft:mossy_stone_brick_stairs":5,"minecraft:vine":7,"minecraft:bookshelf":2,"minecraft:cobblestone_slab":1,"minecraft:deepslate_iron_ore":4,"minecraft:cave_vines":2,"iceandfire:gold_pile":3,"minecraft:iron_bars":14,"minecraft:stone":45,"minecraft:polished_granite_stairs":2,"scalinghealth:heart_crystal_ore":2,"minecraft:piston_head":3,"minecraft:gray_concrete":20,"jeg:scrap_ore":9,"minecraft:quartz_block":18,"minecraft:observer":1,"minecraft:dandelion":3,"spore:growths_big":7,"minecraft:crafting_table":8,"minecraft:cornflower":3,"minecraft:torch":5,"minecraft:calcite":1,"minecraft:poppy":1,"minecraft:chest":2,"minecraft:cobblestone":85,"minecraft:deepslate_coal_ore":17,"minecraft:wall_torch":2,"minecraft:big_dripleaf":1,"minecraft:seagrass":1,"jeg:deepslate_scrap_ore":11,"minecraft:repeater":2,"minecraft:lime_bed":2,"spore:bloomfung2":16,"minecraft:wheat":1,"minecraft:stone_brick_stairs":2,"spore:fungal_stem_top":3,"minecraft:grass":17,"minecraft:coal_ore":6,"iceandfire:silver_pile":3,"minecraft:sunflower":1,"minecraft:gravel":14,"minecraft:cobweb":1,"minecraft:cracked_stone_bricks":11,"minecraft:tripwire_hook":1,"minecraft:stone_bricks":6,"minecraft:netherrack":1,"minecraft:mossy_stone_bricks":14,"minecraft:gold_ore":1,"minecraft:deepslate":10},"minecraft:custom":{"minecraft:inspect_dropper":4,"minecraft:mob_kills":49,"minecraft:interact_with_crafting_table":34,"minecraft:open_barrel":1,"minecraft:damage_dealt_resisted":148,"minecraft:leave_game":6,"minecraft:time_since_death":0,"minecraft:climb_one_cm":3806,"minecraft:sprint_one_cm":525465,"minecraft:walk_one_cm":296131,"minecraft:damage_blocked_by_shield":1116,"minecraft:drop":41,"minecraft:play_noteblock":1,"minecraft:play_time":191731,"minecraft:deaths":40,"minecraft:sneak_time":6178,"minecraft:walk_under_water_one_cm":824,"minecraft:jump":1133,"minecraft:interact_with_brewingstand":1,"minecraft:walk_on_water_one_cm":12719,"minecraft:total_world_time":191731,"minecraft:interact_with_furnace":9,"spartanshields:shield_bash_hits":3,"minecraft:tune_noteblock":1,"minecraft:sleep_in_bed":2,"minecraft:time_since_rest":701,"minecraft:damage_taken":11696,"minecraft:trigger_trapped_chest":1,"minecraft:damage_dealt":8491,"minecraft:swim_one_cm":3931,"minecraft:fly_one_cm":160771,"minecraft:player_kills":3,"minecraft:open_chest":181,"minecraft:crouch_one_cm":8378,"minecraft:fall_one_cm":41331,"minecraft:inspect_dispenser":1},"minecraft:dropped":{"minecraft:iron_ingot":1,"minecraft:mossy_cobblestone":8,"minecraft:crafting_table":2,"minecraft:iron_helmet":1,"minecraft:cobblestone":1,"minecraft:glow_item_frame":1,"minecraft:mossy_stone_brick_stairs":1,"minecraft:chainmail_helmet":2,"minecraft:gold_block":1,"quark:acacia_chest":3,"minecraft:torch":5,"minecraft:cornflower":1,"minecraft:sunflower":1,"minecraft:gold_nugget":7,"minecraft:acacia_planks":14,"minecraft:gravel":1,"minecraft:stone_axe":1,"minecraft:golden_chestplate":1,"minecraft:iron_boots":1,"minecraft:light_gray_bed":1,"minecraft:oak_sapling":1,"minecraft:stone_bricks":1,"minecraft:iron_bars":10},"minecraft:broken":{"minecraft:leather_boots":1}},"DataVersion":3465}