{"stats":{"minecraft:killed":{"vampirism:vampire":1,"minecraft:spider":1,"spore:leaper":1,"minecraft:slime":4,"minecraft:silverfish":10,"spore:inf_player":2,"minecraft:bat":2,"spore:brute":1,"minecraft:creeper":1,"spore:inf_pillager":5,"minecraft:sheep":2,"spore:inf_villager":2,"minecraft:zombie":3,"spore:inf_human":4,"spore:busser":1},"minecraft:crafted":{"spore:claw":1,"minecraft:furnace":2,"sophisticatedbackpacks:crafting_upgrade":1,"minecraft:cooked_mutton":4,"minecraft:flint_and_steel":1,"quark:acacia_chest":5,"minecraft:iron_axe":1,"minecraft:stone_pickaxe":2,"sophisticatedbackpacks:iron_backpack":1,"minecraft:wheat":54,"sophisticatedbackpacks:backpack":1,"iceandfire:silver_ingot":1,"minecraft:crafting_table":6,"minecraft:wooden_pickaxe":1,"minecraft:copper_ingot":1,"sophisticatedbackpacks:gold_backpack":1,"minecraft:gold_block":14,"minecraft:bucket":1,"minecraft:stone_axe":2,"sophisticatedbackpacks:upgrade_base":1,"minecraft:bread":18,"minecraft:air":0,"minecraft:jungle_planks":44,"minecraft:wooden_hoe":1,"minecraft:yellow_dye":3,"quark:torch_arrow":4,"minecraft:shield":1,"minecraft:stick":36,"minecraft:wooden_axe":1,"spore:plated_muscle":4,"minecraft:stone_sword":2,"minecraft:gold_ingot":2,"minecraft:acacia_planks":8,"minecraft:torch":64},"minecraft:killed_by":{"minecraft:player":1,"spore:inf_human":5,"spore:inf_pillager":1,"spore:inf_player":6,"spore:inf_villager":3,"minecraft:skeleton":4,"minecraft:zombie":12,"spore:inf_witch":1,"vampirism:vampire":1,"spore:leaper":1},"minecraft:mined":{"spore:wall_growths_big":3,"iceandfire:silver_ore":3,"spore:wall_growths":5,"minecraft:mossy_cobblestone":22,"iceandfire:copper_pile":2,"minecraft:brewing_stand":1,"minecraft:nether_bricks":5,"minecraft:granite":1,"minecraft:infested_cobblestone":4,"minecraft:yellow_carpet":1,"minecraft:jungle_log":11,"spore:fungal_stem":9,"minecraft:light_gray_bed":1,"minecraft:redstone_wire":7,"quark:acacia_chest":1,"spore:growths_small":9,"minecraft:spawner":11,"minecraft:hay_block":6,"minecraft:redstone_ore":1,"minecraft:furnace":2,"minecraft:mossy_cobblestone_stairs":5,"minecraft:iron_ore":14,"spore:blomfung":3,"minecraft:sticky_piston":2,"minecraft:fire":4,"minecraft:acacia_stairs":1,"minecraft:andesite":1,"spore:growth_mycelium":5,"minecraft:nether_brick_stairs":11,"minecraft:deepslate_iron_ore":2,"minecraft:bookshelf":2,"minecraft:vine":7,"minecraft:mossy_stone_brick_stairs":5,"iceandfire:gold_pile":3,"minecraft:cave_vines":2,"minecraft:cobblestone_slab":1,"minecraft:iron_bars":14,"minecraft:stone":45,"minecraft:polished_granite_stairs":2,"scalinghealth:heart_crystal_ore":2,"minecraft:piston_head":3,"minecraft:gray_concrete":20,"jeg:scrap_ore":9,"minecraft:quartz_block":18,"minecraft:observer":1,"minecraft:dandelion":3,"spore:growths_big":7,"minecraft:crafting_table":8,"minecraft:cornflower":3,"minecraft:torch":5,"minecraft:calcite":1,"minecraft:poppy":1,"minecraft:chest":2,"minecraft:cobblestone":83,"minecraft:deepslate_coal_ore":17,"minecraft:wall_torch":2,"minecraft:big_dripleaf":1,"jeg:deepslate_scrap_ore":7,"minecraft:seagrass":1,"minecraft:lime_bed":2,"minecraft:repeater":2,"spore:bloomfung2":16,"minecraft:wheat":1,"minecraft:stone_brick_stairs":2,"spore:fungal_stem_top":3,"minecraft:grass":17,"minecraft:coal_ore":6,"iceandfire:silver_pile":3,"minecraft:sunflower":1,"minecraft:gravel":14,"minecraft:cobweb":1,"minecraft:cracked_stone_bricks":11,"minecraft:gold_ore":1,"minecraft:tripwire_hook":1,"minecraft:stone_bricks":6,"minecraft:netherrack":1,"minecraft:mossy_stone_bricks":14,"minecraft:deepslate":6},"minecraft:picked_up":{"minecraft:wooden_axe":2,"minecraft:crafting_table":24,"minecraft:iron_chestplate":1,"spore:mutated_heart":3,"minecraft:wheat":1,"minecraft:chainmail_boots":2,"minecraft:brown_mushroom":2,"minecraft:lead":3,"minecraft:wooden_pickaxe":4,"minecraft:stone_brick_wall":1,"minecraft:potion":3,"minecraft:enchanted_book":3,"minecraft:brewing_stand":2,"minecraft:cornflower":6,"spore:innards":2,"minecraft:string":4,"minecraft:sticky_piston":1,"minecraft:cracked_stone_bricks":68,"minecraft:gold_nugget":18,"minecraft:cobbled_deepslate":5,"minecraft:calcite":8,"minecraft:poppy":1,"minecraft:melon_slice":17,"minecraft:chest":2,"minecraft:furnace":7,"minecraft:egg":24,"minecraft:raw_iron":22,"minecraft:stick":8,"spore:tumor":1,"minecraft:glow_item_frame":2,"minecraft:bowl":1,"minecraft:torch":64,"minecraft:acacia_log":12,"minecraft:redstone":21,"minecraft:quartz_block":11,"minecraft:polished_granite_stairs":12,"minecraft:rotten_flesh":15,"minecraft:stone_sword":6,"minecraft:arrow":27,"minecraft:light_gray_bed":1,"quark:acacia_chest":1,"minecraft:diamond_boots":1,"minecraft:hay_block":6,"minecraft:brick_stairs":3,"spore:tendons":28,"minecraft:mutton":4,"minecraft:iron_bars":38,"minecraft:cobblestone":172,"minecraft:lime_bed":3,"minecraft:repeater":5,"minecraft:tripwire_hook":1,"minecraft:andesite":1,"minecraft:jungle_log":25,"minecraft:leather":16,"minecraft:yellow_dye":3,"minecraft:red_mushroom":4,"minecraft:potato":20,"jeg:scrap":53,"scalinghealth:heart_crystal":4,"minecraft:gray_concrete":18,"minecraft:leather_boots":4,"minecraft:cooked_mutton":2,"minecraft:bone":6,"minecraft:acacia_planks":3,"minecraft:stone_bricks":6,"minecraft:wheat_seeds":12,"minecraft:raw_gold":1,"minecraft:iron_ingot":1,"minecraft:stone_pickaxe":10,"minecraft:cooked_chicken":8,"minecraft:glass_bottle":4,"spore:mutated_fiber":38,"minecraft:mossy_stone_bricks":5,"minecraft:glowstone_dust":3,"jeg:tech_trash":2,"minecraft:mossy_stone_brick_stairs":1,"minecraft:book":6,"scalinghealth:heart_crystal_shard":3,"iceandfire:copper_nugget":14,"spore:cerebrum":3,"minecraft:brush":1,"spore:armor_fragment":30,"minecraft:dandelion":3,"minecraft:gravel":1,"minecraft:jungle_planks":4,"minecraft:nether_brick_stairs":5,"minecraft:fermented_spider_eye":1,"minecraft:acacia_stairs":1,"minecraft:spider_eye":2,"alexsmobs:animal_dictionary":9,"minecraft:mossy_cobblestone":8,"spore:claw_fragment":22,"minecraft:slime_ball":2,"minecraft:stone_axe":9,"minecraft:crossbow":1,"minecraft:granite":18,"minecraft:gray_wool":6,"minecraft:emerald":7,"minecraft:bread":3,"minecraft:chainmail_helmet":2,"spore:spine_fragment":4,"minecraft:baked_potato":4,"minecraft:oak_sapling":1,"minecraft:black_wool":8,"iceandfire:silver_nugget":10,"minecraft:coal":54,"iceandfire:raw_silver":5,"minecraft:sunflower":1},"minecraft:used":{"minecraft:iron_bars":3,"minecraft:polished_granite_stairs":2,"minecraft:flint_and_steel":17,"minecraft:shield":10,"minecraft:iron_sword":4,"minecraft:torch":91,"minecraft:brewing_stand":1,"scalinghealth:heart_crystal":6,"minecraft:granite":2,"minecraft:wooden_axe":12,"minecraft:iron_axe":9,"minecraft:quartz_block":3,"minecraft:stone_bricks":1,"minecraft:furnace":2,"minecraft:acacia_planks":2,"minecraft:cooked_mutton":2,"minecraft:mossy_stone_bricks":1,"minecraft:glass_bottle":1,"minecraft:stone_pickaxe":132,"minecraft:baked_potato":2,"minecraft:wooden_pickaxe":7,"minecraft:chainmail_helmet":1,"minecraft:cracked_stone_bricks":17,"minecraft:glow_item_frame":2,"simplyswords:diamond_warglaive":53,"minecraft:lime_bed":1,"minecraft:crafting_table":10,"quark:acacia_chest":1,"spore:tumor":1,"minecraft:gray_concrete":3,"minecraft:wooden_hoe":11,"minecraft:diamond_pickaxe":342,"minecraft:diamond_shovel":3,"minecraft:iron_pickaxe":18,"minecraft:stone_axe":59,"minecraft:cobblestone":185,"minecraft:potion":2,"minecraft:chainmail_boots":1,"minecraft:bucket":1,"alexsmobs:animal_dictionary":1,"minecraft:brush":18},"minecraft:dropped":{"minecraft:iron_ingot":1,"minecraft:mossy_cobblestone":8,"minecraft:crafting_table":2,"minecraft:iron_helmet":1,"minecraft:cobblestone":1,"minecraft:glow_item_frame":1,"minecraft:mossy_stone_brick_stairs":1,"minecraft:chainmail_helmet":2,"minecraft:gold_block":1,"quark:acacia_chest":3,"minecraft:torch":5,"minecraft:cornflower":1,"minecraft:gold_nugget":7,"minecraft:sunflower":1,"minecraft:acacia_planks":14,"minecraft:gravel":1,"minecraft:stone_axe":1,"minecraft:golden_chestplate":1,"minecraft:iron_boots":1,"minecraft:light_gray_bed":1,"minecraft:oak_sapling":1,"minecraft:stone_bricks":1,"minecraft:iron_bars":10},"minecraft:broken":{"minecraft:leather_boots":1},"minecraft:custom":{"minecraft:inspect_dropper":4,"minecraft:mob_kills":42,"minecraft:interact_with_crafting_table":34,"minecraft:open_barrel":1,"minecraft:damage_dealt_resisted":148,"minecraft:leave_game":5,"minecraft:time_since_death":42247,"minecraft:climb_one_cm":3806,"minecraft:sprint_one_cm":504016,"minecraft:walk_one_cm":276307,"minecraft:damage_blocked_by_shield":565,"minecraft:drop":41,"minecraft:play_noteblock":1,"minecraft:play_time":181214,"minecraft:sneak_time":6092,"minecraft:deaths":37,"minecraft:walk_under_water_one_cm":751,"minecraft:interact_with_brewingstand":1,"minecraft:jump":961,"minecraft:walk_on_water_one_cm":5162,"minecraft:total_world_time":181214,"minecraft:interact_with_furnace":9,"spartanshields:shield_bash_hits":1,"minecraft:tune_noteblock":1,"minecraft:sleep_in_bed":2,"minecraft:time_since_rest":24452,"minecraft:damage_taken":9757,"minecraft:trigger_trapped_chest":1,"minecraft:damage_dealt":6704,"minecraft:player_kills":3,"minecraft:swim_one_cm":3931,"minecraft:open_chest":181,"minecraft:fly_one_cm":136495,"minecraft:crouch_one_cm":8206,"minecraft:fall_one_cm":36927,"minecraft:inspect_dispenser":1}},"DataVersion":3465}