{"stats":{"minecraft:custom":{"minecraft:interact_with_furnace":8,"minecraft:mob_kills":15,"minecraft:interact_with_crafting_table":6,"minecraft:damage_dealt_resisted":148,"minecraft:time_since_death":1605,"minecraft:leave_game":3,"minecraft:climb_one_cm":473,"minecraft:time_since_rest":1647,"minecraft:sprint_one_cm":135835,"minecraft:damage_taken":3645,"minecraft:walk_one_cm":76843,"minecraft:drop":3,"minecraft:damage_dealt":2401,"minecraft:player_kills":1,"minecraft:fly_one_cm":65682,"minecraft:open_chest":14,"minecraft:crouch_one_cm":935,"minecraft:play_time":42371,"minecraft:deaths":19,"minecraft:sneak_time":1633,"minecraft:jump":353,"minecraft:walk_on_water_one_cm":1116,"minecraft:total_world_time":42371,"minecraft:fall_one_cm":10701},"minecraft:killed_by":{"spore:inf_player":2,"spore:inf_villager":1,"minecraft:skeleton":3,"minecraft:zombie":7,"spore:inf_human":3,"spore:inf_witch":1,"vampirism:vampire":1,"spore:leaper":1},"minecraft:killed":{"vampirism:vampire":1,"minecraft:spider":1,"spore:leaper":1,"minecraft:slime":4,"minecraft:creeper":1,"minecraft:sheep":2,"minecraft:zombie":2,"spore:inf_human":1},"minecraft:picked_up":{"minecraft:wooden_axe":2,"minecraft:lime_bed":2,"minecraft:crafting_table":19,"minecraft:wheat":1,"minecraft:chainmail_boots":2,"minecraft:jungle_log":25,"minecraft:brown_mushroom":1,"minecraft:yellow_dye":3,"minecraft:lead":3,"minecraft:wooden_pickaxe":4,"minecraft:red_mushroom":2,"minecraft:potato":5,"minecraft:potion":3,"minecraft:enchanted_book":3,"minecraft:brewing_stand":1,"scalinghealth:heart_crystal":1,"minecraft:cornflower":6,"spore:innards":2,"minecraft:leather_boots":4,"minecraft:cooked_mutton":2,"minecraft:bone":2,"minecraft:acacia_planks":3,"minecraft:stone_bricks":3,"minecraft:cracked_stone_bricks":60,"minecraft:wheat_seeds":8,"minecraft:cooked_chicken":8,"minecraft:stone_pickaxe":10,"minecraft:calcite":8,"spore:mutated_fiber":6,"minecraft:poppy":1,"minecraft:glowstone_dust":1,"minecraft:melon_slice":17,"minecraft:egg":21,"minecraft:furnace":6,"minecraft:stick":8,"spore:tumor":1,"spore:cerebrum":1,"minecraft:acacia_log":11,"spore:armor_fragment":20,"minecraft:torch":53,"minecraft:dandelion":3,"minecraft:jungle_planks":4,"minecraft:fermented_spider_eye":1,"minecraft:spider_eye":2,"alexsmobs:animal_dictionary":8,"spore:claw_fragment":20,"minecraft:polished_granite_stairs":10,"minecraft:stone_sword":6,"minecraft:arrow":25,"minecraft:rotten_flesh":12,"minecraft:slime_ball":2,"minecraft:stone_axe":9,"minecraft:granite":18,"minecraft:gray_wool":5,"minecraft:chainmail_helmet":1,"minecraft:brick_stairs":3,"minecraft:black_wool":7,"spore:tendons":28,"minecraft:mutton":4,"minecraft:iron_bars":24,"minecraft:coal":30,"minecraft:cobblestone":71},"minecraft:used":{"minecraft:cooked_mutton":2,"minecraft:iron_bars":3,"minecraft:polished_granite_stairs":2,"minecraft:stone_pickaxe":80,"minecraft:wooden_pickaxe":7,"minecraft:chainmail_helmet":1,"minecraft:cracked_stone_bricks":7,"minecraft:torch":12,"scalinghealth:heart_crystal":1,"minecraft:lime_bed":1,"minecraft:crafting_table":5,"spore:tumor":1,"minecraft:granite":2,"minecraft:wooden_axe":12,"minecraft:stone_bricks":1,"minecraft:stone_axe":36,"minecraft:cobblestone":19,"minecraft:chainmail_boots":1,"minecraft:furnace":1,"alexsmobs:animal_dictionary":1},"minecraft:dropped":{"minecraft:stone_axe":1,"minecraft:cobblestone":1,"minecraft:cornflower":1},"minecraft:mined":{"minecraft:dandelion":3,"minecraft:torch":2,"minecraft:crafting_table":5,"minecraft:cornflower":1,"minecraft:granite":1,"minecraft:calcite":1,"minecraft:poppy":1,"minecraft:jungle_log":11,"minecraft:cobblestone":6,"minecraft:wall_torch":1,"minecraft:spawner":1,"minecraft:lime_bed":1,"minecraft:furnace":1,"minecraft:wheat":1,"minecraft:grass":4,"minecraft:coal_ore":4,"minecraft:vine":5,"minecraft:iron_bars":5,"minecraft:cracked_stone_bricks":3,"minecraft:stone":13,"minecraft:stone_bricks":1},"minecraft:crafted":{"minecraft:crafting_table":3,"minecraft:wooden_pickaxe":1,"minecraft:furnace":1,"minecraft:stone_axe":2,"minecraft:cooked_mutton":4,"minecraft:air":0,"minecraft:jungle_planks":44,"minecraft:yellow_dye":3,"minecraft:stick":12,"spore:plated_muscle":1,"minecraft:stone_pickaxe":2,"minecraft:wooden_axe":1,"minecraft:stone_sword":1,"minecraft:acacia_planks":4,"minecraft:torch":4}},"DataVersion":3465}