{"stats":{"minecraft:used":{"spore:infected_human_spawnegg":12,"minecraft:iron_bars":10,"minecraft:stone_sword":117,"minecraft:white_tulip":1,"minecraft:bone_block":2,"minecraft:shield":10,"minecraft:iron_sword":5,"minecraft:torch":10,"minecraft:dirt":29,"scalinghealth:heart_crystal":1,"minecraft:yellow_carpet":1,"minecraft:tuff":10,"minecraft:nether_brick_stairs":3,"minecraft:bricks":1,"minecraft:iron_axe":16,"minecraft:quartz_block":5,"minecraft:stone_bricks":3,"jeg:double_barrel_shotgun":5,"minecraft:bow":1,"minecraft:egg":1,"minecraft:cobbled_deepslate":11,"minecraft:iron_leggings":1,"minecraft:stone_pickaxe":66,"minecraft:mossy_stone_brick_stairs":1,"minecraft:wooden_pickaxe":14,"minecraft:cracked_stone_bricks":1,"minecraft:golden_apple":1,"minecraft:mossy_cobblestone":5,"minecraft:pitcher_pod":1,"minecraft:crafting_table":1,"quark:acacia_chest":3,"minecraft:sticky_piston":3,"alexsmobs:spawn_egg_murmur":1,"minecraft:diamond_pickaxe":343,"jeg:scrap_workbench":1,"minecraft:stone_axe":63,"minecraft:chiseled_stone_bricks":2,"minecraft:diamond_sword":49,"minecraft:potion":2,"minecraft:cobblestone":70,"minecraft:bucket":1,"minecraft:andesite":1,"alexsmobs:animal_dictionary":2,"minecraft:brush":5,"minecraft:splash_potion":1},"minecraft:killed":{"alexsmobs:hummingbird":1,"minecraft:horse":1,"minecraft:skeleton":4,"minecraft:silverfish":7,"spore:inf_player":8,"spore:inf_pillager":3,"spore:inf_villager":4,"alexsmobs:cockroach":1,"minecraft:zombie":1,"spore:inf_human":7,"spore:inf_witch":1,"spore:howler":1,"spore:inf_husk":3},"minecraft:crafted":{"minecraft:oak_planks":36,"sophisticatedbackpacks:jukebox_upgrade":1,"minecraft:bone_meal":3,"minecraft:lever":2,"sophisticatedbackpacks:crafting_upgrade":1,"quark:acacia_chest":2,"jeg:scrap_workbench":1,"minecraft:iron_axe":1,"minecraft:stone_pickaxe":1,"sophisticatedbackpacks:iron_backpack":1,"sophisticatedbackpacks:backpack":1,"minecraft:crafting_table":2,"minecraft:wooden_pickaxe":1,"sophisticatedbackpacks:gold_backpack":1,"scalinghealth:heart_crystal":1,"minecraft:stone_axe":1,"sophisticatedbackpacks:upgrade_base":2,"jeg:scrap_block":1,"minecraft:golden_apple":8,"minecraft:shield":1,"minecraft:white_dye":1,"minecraft:stick":16,"minecraft:stone_sword":2,"minecraft:gold_ingot":9,"minecraft:acacia_planks":40,"minecraft:torch":8},"minecraft:picked_up":{"quark:diamond_heart":1,"minecraft:crafting_table":1,"minecraft:iron_chestplate":2,"spore:mutated_heart":3,"minecraft:splash_potion":1,"minecraft:chainmail_boots":1,"minecraft:chicken":2,"minecraft:leather_leggings":1,"minecraft:lead":1,"minecraft:wooden_pickaxe":1,"minecraft:stone_brick_wall":1,"minecraft:enchanted_book":2,"minecraft:gold_block":1,"minecraft:potion":1,"jeg:scrap_workbench":1,"minecraft:stone_brick_stairs":2,"minecraft:brewing_stand":1,"minecraft:cornflower":2,"spore:innards":1,"minecraft:string":2,"minecraft:sticky_piston":2,"minecraft:zombie_head":1,"minecraft:cracked_stone_bricks":52,"minecraft:cobbled_deepslate":18,"minecraft:white_tulip":1,"minecraft:observer":2,"minecraft:melon_slice":7,"minecraft:iron_boots":4,"minecraft:egg":10,"minecraft:stick":6,"minecraft:raw_iron":10,"minecraft:jukebox":1,"spore:wing_membrane":1,"minecraft:torch":6,"minecraft:acacia_log":10,"vampirism:vampire_fang":2,"minecraft:redstone":47,"minecraft:stone_pressure_plate":2,"minecraft:quartz_block":7,"minecraft:arrow":5,"minecraft:light_gray_bed":1,"minecraft:rotten_flesh":7,"quark:acacia_chest":5,"alexscaves:spelunkery_table":1,"spore:zoaholic":1,"minecraft:brick_stairs":1,"spore:tendons":3,"minecraft:iron_bars":19,"minecraft:bone_block":2,"minecraft:cobblestone":122,"minecraft:stripped_oak_log":5,"minecraft:feather":1,"minecraft:repeater":4,"minecraft:iron_door":1,"minecraft:andesite":1,"minecraft:leather":2,"minecraft:potato":10,"minecraft:tuff":13,"minecraft:oak_log":7,"jeg:scrap":72,"minecraft:bat_spawn_egg":1,"minecraft:dirt":29,"minecraft:leather_boots":2,"minecraft:bone":7,"minecraft:acacia_planks":15,"minecraft:stone_bricks":5,"minecraft:bow":1,"minecraft:wheat_seeds":9,"minecraft:iron_ingot":1,"minecraft:stone_pickaxe":3,"spore:mutated_fiber":58,"minecraft:mossy_stone_bricks":4,"minecraft:glowstone_dust":2,"jeg:double_barrel_shotgun":1,"minecraft:oak_planks":1,"minecraft:pitcher_pod":1,"minecraft:mossy_stone_brick_stairs":1,"jeg:tech_trash":6,"minecraft:book":3,"scalinghealth:heart_crystal_shard":12,"spore:cerebrum":3,"minecraft:chiseled_stone_bricks":2,"spore:armor_fragment":4,"minecraft:gravel":11,"minecraft:blast_furnace":1,"minecraft:nether_brick_stairs":3,"jeg:handmade_shell":65,"minecraft:mossy_cobblestone":16,"spore:claw_fragment":3,"minecraft:yellow_carpet":2,"minecraft:diamond":2,"minecraft:stone_axe":1,"minecraft:mossy_cobblestone_stairs":1,"minecraft:emerald":1,"spore:spine_fragment":1,"minecraft:oak_sapling":1,"minecraft:bricks":1,"minecraft:coal":59,"minecraft:sunflower":1,"minecraft:diamond_pickaxe":1},"minecraft:killed_by":{"minecraft:player":3,"spore:busser":3,"minecraft:creeper":1,"spore:inf_human":2,"alexsmobs:murmur_head":1,"spore:inf_pillager":3,"spore:inf_player":3,"spore:inf_villager":1,"minecraft:skeleton":5,"minecraft:zombie":3,"vampirism:vampire":2,"iceandfire:troll":1,"spore:leaper":1},"minecraft:custom":{"minecraft:inspect_dropper":5,"minecraft:mob_kills":44,"minecraft:interact_with_crafting_table":28,"minecraft:open_barrel":6,"minecraft:damage_dealt_resisted":194,"minecraft:leave_game":9,"minecraft:time_since_death":50461,"minecraft:climb_one_cm":3354,"minecraft:sprint_one_cm":586241,"minecraft:walk_one_cm":441725,"minecraft:damage_blocked_by_shield":426,"minecraft:drop":112,"vampirism:skills_unlocked":23,"minecraft:play_time":319184,"minecraft:deaths":43,"minecraft:sneak_time":11943,"minecraft:walk_under_water_one_cm":25448,"minecraft:jump":1115,"minecraft:interact_with_brewingstand":1,"minecraft:walk_on_water_one_cm":21301,"minecraft:total_world_time":319184,"minecraft:interact_with_furnace":2,"spartanshields:shield_bash_hits":1,"minecraft:interact_with_loom":2,"minecraft:sleep_in_bed":1,"minecraft:time_since_rest":50502,"vampirism:resurrected":1,"minecraft:damage_taken":14763,"minecraft:trigger_trapped_chest":3,"minecraft:damage_dealt":9932,"minecraft:swim_one_cm":21905,"minecraft:fly_one_cm":1919578,"minecraft:player_kills":1,"minecraft:open_chest":164,"minecraft:crouch_one_cm":16736,"minecraft:fall_one_cm":110040,"minecraft:inspect_dispenser":1},"minecraft:dropped":{"minecraft:bread":3,"minecraft:enchanted_book":2,"minecraft:iron_ingot":1,"minecraft:wheat_seeds":8,"minecraft:baked_potato":4,"minecraft:mossy_cobblestone":11,"minecraft:glass_bottle":2,"minecraft:feather":1,"minecraft:iron_helmet":1,"minecraft:cobblestone":18,"minecraft:lead":1,"minecraft:observer":2,"minecraft:leather":18,"minecraft:cracked_stone_bricks":50,"minecraft:yellow_carpet":1,"minecraft:coal":25,"minecraft:emerald":1,"quark:acacia_chest":1,"minecraft:brush":1,"minecraft:brewing_stand":1,"minecraft:torch":4,"minecraft:cornflower":2,"minecraft:repeater":4,"minecraft:melon_slice":3,"minecraft:iron_door":1,"minecraft:potion":1,"spore:mutated_heart":1,"minecraft:mossy_cobblestone_stairs":1,"minecraft:string":2,"spore:claw_fragment":3,"minecraft:acacia_planks":1,"minecraft:gravel":11,"minecraft:sticky_piston":1,"minecraft:chicken":2,"minecraft:rotten_flesh":4,"minecraft:iron_boots":5,"minecraft:potato":15,"minecraft:diamond_pickaxe":1,"minecraft:iron_chestplate":4,"minecraft:quartz_block":2,"minecraft:mossy_stone_bricks":2,"minecraft:stone_brick_wall":1,"minecraft:leather_boots":2,"minecraft:oak_sapling":1,"minecraft:stone_pressure_plate":2,"minecraft:stone_bricks":2,"minecraft:diamond_boots":1,"minecraft:iron_bars":6,"minecraft:arrow":5,"minecraft:stone_pickaxe":3,"minecraft:wooden_pickaxe":1,"minecraft:stone_brick_stairs":2,"spore:armor_fragment":2,"minecraft:egg":3},"minecraft:mined":{"alexscaves:spelunkery_table":1,"minecraft:tuff":13,"minecraft:stone_pressure_plate":2,"spore:wall_growths_big":13,"spore:wall_growths":3,"minecraft:mossy_cobblestone":19,"minecraft:deepslate_diamond_ore":2,"minecraft:jungle_leaves":14,"minecraft:brewing_stand":1,"minecraft:nether_bricks":1,"minecraft:acacia_log":12,"minecraft:stone_brick_wall":1,"minecraft:grass_block":20,"minecraft:infested_cobblestone":4,"spore:fungal_stem":8,"minecraft:redstone_wire":52,"quark:acacia_chest":1,"spore:growths_small":19,"minecraft:spawner":21,"minecraft:chiseled_stone_bricks":2,"minecraft:smooth_stone":2,"minecraft:mossy_cobblestone_stairs":2,"minecraft:iron_ore":4,"spore:blomfung":21,"minecraft:fire":9,"minecraft:cobbled_deepslate":1,"minecraft:andesite":1,"spore:growth_mycelium":39,"minecraft:nether_brick_stairs":6,"minecraft:mossy_stone_brick_stairs":1,"minecraft:bookshelf":1,"minecraft:potatoes":2,"minecraft:vine":13,"spore:zoaholic":1,"minecraft:iron_bars":19,"minecraft:stripped_oak_log":5,"minecraft:azalea_leaves":1,"minecraft:stone":41,"minecraft:bone_block":2,"scalinghealth:heart_crystal_ore":1,"minecraft:tripwire":3,"jeg:scrap_ore":20,"minecraft:quartz_block":2,"scalinghealth:deepslate_heart_crystal_ore":5,"spore:growths_big":32,"minecraft:crafting_table":1,"minecraft:blast_furnace":1,"minecraft:tall_grass":15,"minecraft:cobblestone":59,"minecraft:oak_planks":1,"minecraft:bricks":1,"minecraft:iron_door":1,"jeg:scrap_workbench":1,"jeg:deepslate_scrap_ore":5,"minecraft:repeater":7,"spore:bloomfung2":61,"minecraft:jukebox":1,"minecraft:tnt":1,"minecraft:oak_log":7,"spore:fungal_stem_top":6,"minecraft:grass":73,"minecraft:coal_ore":18,"minecraft:pitcher_crop":1,"minecraft:gravel":2,"minecraft:dirt":9,"minecraft:cracked_stone_bricks":9,"minecraft:stone_bricks":4,"minecraft:mossy_stone_bricks":2,"minecraft:oak_leaves":1,"minecraft:deepslate":17,"spore:remains":4,"minecraft:fern":1},"minecraft:broken":{"minecraft:stone_axe":1}},"DataVersion":3465}