{"stats":{"minecraft:custom":{"minecraft:time_since_rest":802,"minecraft:crouch_one_cm":1153,"minecraft:sprint_one_cm":11072,"minecraft:play_time":22859,"minecraft:walk_one_cm":16429,"minecraft:damage_taken":1120,"minecraft:deaths":4,"minecraft:sneak_time":1133,"minecraft:walk_under_water_one_cm":14416,"minecraft:mob_kills":1,"minecraft:drop":6,"minecraft:jump":95,"minecraft:damage_dealt":191,"minecraft:leave_game":3,"minecraft:time_since_death":782,"minecraft:walk_on_water_one_cm":3222,"minecraft:climb_one_cm":16,"minecraft:total_world_time":22859,"minecraft:swim_one_cm":9266,"minecraft:fall_one_cm":42203,"minecraft:fly_one_cm":401121},"minecraft:mined":{"minecraft:grass":30,"minecraft:grass_block":8,"minecraft:vine":1,"minecraft:dirt":3,"minecraft:tall_grass":9,"minecraft:jungle_leaves":14},"minecraft:dropped":{"minecraft:leather":2,"minecraft:wheat_seeds":4},"minecraft:picked_up":{"minecraft:leather":2,"minecraft:wheat_seeds":5,"minecraft:dirt":11},"minecraft:used":{"spore:infected_human_spawnegg":12,"alexsmobs:spawn_egg_murmur":1,"minecraft:dirt":11,"alexsmobs:animal_dictionary":2},"minecraft:killed_by":{"alexsmobs:murmur_head":1},"minecraft:killed":{"minecraft:horse":1}},"DataVersion":3465}