{"stats":{"minecraft:used":{"alexsmobs:spawn_egg_murmur":1,"spore:infected_human_spawnegg":12,"minecraft:dirt":25,"minecraft:white_tulip":1,"alexsmobs:animal_dictionary":2},"minecraft:killed":{"minecraft:horse":1,"alexsmobs:hummingbird":1},"minecraft:mined":{"minecraft:grass":33,"minecraft:grass_block":16,"minecraft:vine":1,"minecraft:dirt":9,"minecraft:tall_grass":11,"minecraft:jungle_leaves":14},"minecraft:dropped":{"minecraft:leather":2,"minecraft:wheat_seeds":6},"minecraft:picked_up":{"minecraft:leather":2,"minecraft:wheat_seeds":7,"minecraft:white_tulip":1,"minecraft:dirt":25},"minecraft:killed_by":{"minecraft:skeleton":1,"spore:leaper":1,"alexsmobs:murmur_head":1},"minecraft:custom":{"minecraft:time_since_rest":1711,"minecraft:crouch_one_cm":1415,"minecraft:play_time":39353,"minecraft:sprint_one_cm":27030,"minecraft:damage_taken":1600,"minecraft:walk_one_cm":39784,"minecraft:deaths":7,"minecraft:sneak_time":1620,"minecraft:walk_under_water_one_cm":15345,"minecraft:mob_kills":2,"minecraft:drop":8,"minecraft:jump":152,"minecraft:damage_dealt":246,"minecraft:leave_game":4,"minecraft:time_since_death":1550,"minecraft:walk_on_water_one_cm":4725,"minecraft:total_world_time":39353,"minecraft:climb_one_cm":68,"minecraft:swim_one_cm":16437,"minecraft:fall_one_cm":46279,"minecraft:fly_one_cm":612365}},"DataVersion":3465}