{"stats":{"minecraft:custom":{"minecraft:interact_with_furnace":1,"minecraft:mob_kills":2,"minecraft:interact_with_crafting_table":4,"minecraft:open_barrel":2,"minecraft:damage_dealt_resisted":194,"minecraft:leave_game":7,"minecraft:time_since_death":1504,"minecraft:climb_one_cm":656,"minecraft:time_since_rest":1537,"minecraft:sprint_one_cm":108306,"minecraft:damage_taken":5960,"minecraft:walk_one_cm":139843,"minecraft:trigger_trapped_chest":1,"minecraft:drop":43,"vampirism:skills_unlocked":2,"minecraft:damage_dealt":781,"minecraft:swim_one_cm":20110,"minecraft:fly_one_cm":1070133,"minecraft:open_chest":13,"minecraft:play_time":106137,"minecraft:crouch_one_cm":5078,"minecraft:sneak_time":4614,"minecraft:deaths":22,"minecraft:walk_under_water_one_cm":16664,"minecraft:jump":448,"minecraft:walk_on_water_one_cm":6136,"minecraft:total_world_time":106137,"minecraft:fall_one_cm":74494},"minecraft:killed_by":{"spore:inf_player":1,"minecraft:player":1,"spore:busser":2,"minecraft:skeleton":2,"minecraft:creeper":1,"minecraft:zombie":1,"alexsmobs:murmur_head":1,"vampirism:vampire":2,"spore:leaper":1},"minecraft:killed":{"alexsmobs:hummingbird":1,"minecraft:horse":1},"minecraft:picked_up":{"minecraft:crafting_table":1,"minecraft:feather":1,"minecraft:chainmail_boots":1,"minecraft:chicken":2,"minecraft:leather":2,"minecraft:lead":1,"minecraft:wooden_pickaxe":1,"minecraft:potato":10,"minecraft:potion":1,"minecraft:enchanted_book":2,"minecraft:brewing_stand":1,"minecraft:cornflower":1,"minecraft:dirt":28,"minecraft:leather_boots":2,"minecraft:acacia_planks":1,"minecraft:stone_bricks":1,"minecraft:cracked_stone_bricks":46,"minecraft:wheat_seeds":9,"minecraft:white_tulip":1,"minecraft:stone_pickaxe":3,"minecraft:melon_slice":7,"minecraft:pitcher_pod":1,"minecraft:egg":9,"spore:armor_fragment":3,"minecraft:torch":1,"minecraft:acacia_log":8,"vampirism:vampire_fang":1,"spore:claw_fragment":3,"minecraft:arrow":2,"minecraft:rotten_flesh":3,"minecraft:stone_axe":1,"minecraft:brick_stairs":1,"minecraft:iron_bars":3,"minecraft:coal":4,"minecraft:cobblestone":48},"minecraft:used":{"spore:infected_human_spawnegg":12,"minecraft:stone_sword":2,"minecraft:white_tulip":1,"minecraft:stone_pickaxe":16,"minecraft:wooden_pickaxe":14,"minecraft:torch":1,"minecraft:dirt":28,"minecraft:pitcher_pod":1,"minecraft:crafting_table":1,"alexsmobs:spawn_egg_murmur":1,"minecraft:stone_axe":13,"minecraft:cobblestone":11,"alexsmobs:animal_dictionary":2},"minecraft:dropped":{"minecraft:enchanted_book":2,"minecraft:wheat_seeds":8,"minecraft:chicken":2,"minecraft:feather":1,"minecraft:cobblestone":17,"minecraft:lead":1,"minecraft:leather":2,"minecraft:cracked_stone_bricks":4,"minecraft:coal":4,"minecraft:potato":1,"minecraft:brewing_stand":1,"minecraft:cornflower":1,"minecraft:melon_slice":3,"minecraft:leather_boots":2,"minecraft:potion":1,"minecraft:stone_pickaxe":2,"spore:armor_fragment":2,"spore:claw_fragment":2,"minecraft:acacia_planks":1,"minecraft:egg":3},"minecraft:mined":{"minecraft:jungle_leaves":14,"minecraft:brewing_stand":1,"minecraft:crafting_table":1,"minecraft:acacia_log":9,"minecraft:grass_block":19,"minecraft:tall_grass":15,"minecraft:cobblestone":14,"minecraft:spawner":1,"spore:blomfung":1,"minecraft:tnt":1,"spore:growth_mycelium":1,"minecraft:grass":71,"minecraft:potatoes":2,"minecraft:pitcher_crop":1,"minecraft:vine":1,"minecraft:iron_bars":3,"minecraft:dirt":9,"minecraft:cracked_stone_bricks":3,"minecraft:azalea_leaves":1,"minecraft:stone":6,"minecraft:stone_bricks":2,"minecraft:fern":1},"minecraft:crafted":{"minecraft:crafting_table":1,"minecraft:wooden_pickaxe":1,"minecraft:stone_axe":1,"minecraft:stick":8,"minecraft:stone_pickaxe":1,"minecraft:stone_sword":1,"minecraft:acacia_planks":12}},"DataVersion":3465}