{"stats":{"minecraft:used":{"alexsmobs:spawn_egg_murmur":1,"spore:infected_human_spawnegg":12,"minecraft:white_tulip":1,"minecraft:dirt":25,"alexsmobs:animal_dictionary":2},"minecraft:custom":{"minecraft:time_since_rest":3173,"minecraft:walk_one_cm":50678,"minecraft:sprint_one_cm":41561,"minecraft:damage_taken":2665,"minecraft:trigger_trapped_chest":1,"minecraft:mob_kills":2,"minecraft:drop":8,"minecraft:damage_dealt":308,"minecraft:swim_one_cm":16437,"minecraft:fly_one_cm":823208,"minecraft:open_barrel":2,"minecraft:crouch_one_cm":3512,"minecraft:play_time":51579,"minecraft:deaths":12,"minecraft:sneak_time":3467,"minecraft:walk_under_water_one_cm":15498,"minecraft:jump":221,"minecraft:leave_game":4,"minecraft:walk_on_water_one_cm":4789,"minecraft:time_since_death":3135,"minecraft:climb_one_cm":68,"minecraft:total_world_time":51579,"minecraft:fall_one_cm":53060},"minecraft:picked_up":{"minecraft:leather":2,"minecraft:dirt":25,"minecraft:wheat_seeds":7,"minecraft:white_tulip":1},"minecraft:killed":{"minecraft:horse":1,"alexsmobs:hummingbird":1},"minecraft:killed_by":{"spore:busser":1,"alexsmobs:murmur_head":1,"minecraft:skeleton":2,"minecraft:creeper":1,"spore:leaper":1},"minecraft:mined":{"spore:blomfung":1,"minecraft:jungle_leaves":14,"minecraft:tnt":1,"spore:growth_mycelium":1,"minecraft:grass":33,"minecraft:grass_block":16,"minecraft:vine":1,"minecraft:dirt":9,"minecraft:tall_grass":11},"minecraft:dropped":{"minecraft:wheat_seeds":6,"minecraft:leather":2}},"DataVersion":3465}