{
  "create:root": {
    "criteria": {
      "0": "2024-08-21 03:56:56 +0000"
    },
    "done": true
  },
  "progressivebosses:recipes/misc/corrupted_soul_sand": {
    "criteria": {
      "has_the_recipe_3": "2024-08-21 03:56:56 +0000"
    },
    "done": true
  },
  "repurposed_structures:root": {
    "criteria": {
      "always": "2024-08-21 03:56:57 +0000"
    },
    "done": true
  },
  "mowziesmobs:root": {
    "criteria": {
      "custom_test_name": "2024-08-21 03:56:57 +0000"
    },
    "done": true
  },
  "incendium:technical/new_player": {
    "criteria": {
      "requirement": "2024-08-21 03:56:57 +0000"
    },
    "done": true
  },
  "iceandfire:iceandfire/root": {
    "criteria": {
      "tick": "2024-08-21 03:56:57 +0000"
    },
    "done": true
  },
  "dungeons_arise:wda_root": {
    "criteria": {
      "WDA": "2024-08-21 03:56:57 +0000"
    },
    "done": true
  },
  "betterdungeons:root": {
    "criteria": {
      "always": "2024-08-21 03:56:57 +0000"
    },
    "done": true
  },
  "betterdeserttemples:root": {
    "criteria": {
      "always": "2024-08-21 03:56:57 +0000"
    },
    "done": true
  },
  "cataclysm:root": {
    "criteria": {
      "custom_test_name": "2024-08-21 03:56:57 +0000"
    },
    "done": true
  },
  "incendium:technical/using/shield": {
    "criteria": {
      "log_spam_fixer": "2024-08-21 03:57:00 +0000"
    },
    "done": false
  },
  "incendium:technical/scroll_of_returning": {
    "criteria": {
      "log_spam_fixer": "2024-08-21 03:57:00 +0000"
    },
    "done": false
  },
  "incendium:technical/using/ragnarok": {
    "criteria": {
      "log_spam_fixer": "2024-08-21 03:57:00 +0000"
    },
    "done": false
  },
  "incendium:technical/using/trailblazer": {
    "criteria": {
      "log_spam_fixer": "2024-08-21 03:57:00 +0000"
    },
    "done": false
  },
  "minecraft:adventure/adventuring_time": {
    "criteria": {
      "minecraft:bamboo_jungle": "2024-08-21 04:01:11 +0000",
      "minecraft:beach": "2024-08-21 04:09:55 +0000",
      "minecraft:sparse_jungle": "2024-08-21 04:00:46 +0000",
      "minecraft:lukewarm_ocean": "2024-08-21 04:09:56 +0000",
      "minecraft:river": "2024-08-21 04:07:24 +0000",
      "minecraft:forest": "2024-08-21 04:07:31 +0000",
      "minecraft:jungle": "2024-08-21 04:07:43 +0000",
      "minecraft:windswept_savanna": "2024-08-21 04:01:00 +0000",
      "minecraft:savanna": "2024-08-21 17:22:26 +0000",
      "minecraft:plains": "2024-08-21 03:57:00 +0000"
    },
    "done": false
  },
  "betterdungeons:all_dungeons": {
    "criteria": {
      "in_better_spider_dungeon": "2024-08-21 04:07:35 +0000"
    },
    "done": false
  },
  "betterdungeons:spider_dungeon": {
    "criteria": {
      "in_better_spider_dungeon": "2024-08-21 04:07:35 +0000"
    },
    "done": true
  },
  "minecraft:adventure/root": {
    "criteria": {
      "killed_something": "2024-08-21 04:13:23 +0000"
    },
    "done": true
  },
  "alexsmobs:alexsmobs/root": {
    "criteria": {
      "useitem": "2024-08-21 04:13:54 +0000"
    },
    "done": true
  },
  "minecraft:husbandry/root": {
    "criteria": {
      "consumed_item": "2024-08-21 04:13:54 +0000"
    },
    "done": true
  },
  "biomesoplenty:biomesoplenty/root": {
    "criteria": {
      "crag": "2024-08-21 17:21:57 +0000"
    },
    "done": true
  },
  "biomesoplenty:biomesoplenty/all_biomes": {
    "criteria": {
      "old_growth_woodland": "2024-08-21 17:22:03 +0000",
      "mediterranean_forest": "2024-08-21 17:21:59 +0000",
      "crag": "2024-08-21 17:21:57 +0000"
    },
    "done": false
  },
  "graveyard:graveyard/root": {
    "criteria": {
      "grave_01": "2024-08-21 17:34:57 +0000"
    },
    "done": true
  },
  "minecraft:story/mine_stone": {
    "criteria": {
      "get_stone": "2024-08-21 17:41:35 +0000"
    },
    "done": true
  },
  "minecraft:story/upgrade_tools": {
    "criteria": {
      "stone_pickaxe": "2024-08-21 17:51:18 +0000"
    },
    "done": true
  },
  "aquamirae:adventure/root": {
    "criteria": {
      "crafting_table": "2024-08-21 17:53:27 +0000"
    },
    "done": true
  },
  "minecraft:story/root": {
    "criteria": {
      "crafting_table": "2024-08-21 17:53:27 +0000"
    },
    "done": true
  },
  "spore:spore": {
    "criteria": {
      "requirement": "2024-08-21 17:57:22 +0000"
    },
    "done": true
  },
  "minecraft:husbandry/plant_any_sniffer_seed": {
    "criteria": {
      "pitcher_pod": "2024-08-21 17:58:25 +0000"
    },
    "done": true
  },
  "minecraft:husbandry/plant_seed": {
    "criteria": {
      "pitcher_pod": "2024-08-21 17:58:25 +0000"
    },
    "done": true
  },
  "vampirism:main/root": {
    "criteria": {
      "main": "2024-08-21 18:03:59 +0000"
    },
    "done": true
  },
  "incendium:technical/sentrys_wrath": {
    "criteria": {
      "log_spam_fixer": "2024-08-21 18:19:09 +0000"
    },
    "done": false
  },
  "incendium:technical/inventory/sentrys_wrath": {
    "criteria": {
      "log_spam_fixer": "2024-08-21 18:19:09 +0000"
    },
    "done": false
  },
  "incendium:technical/multiplex_crossbow": {
    "criteria": {
      "log_spam_fixer": "2024-08-21 18:19:09 +0000"
    },
    "done": false
  },
  "incendium:technical/feed_ghastling": {
    "criteria": {
      "log_spam_fixer": "2024-08-21 18:19:09 +0000"
    },
    "done": false
  },
  "incendium:technical/on_inventory_change": {
    "criteria": {
      "log_spam_fixer": "2024-08-21 18:19:09 +0000"
    },
    "done": false
  },
  "incendium:technical/on_player_hurt": {
    "criteria": {
      "requirement": "2024-08-21 18:19:44 +0000",
      "log_spam_fixer": "2024-08-21 18:19:09 +0000"
    },
    "done": true
  },
  "incendium:technical/firestorm": {
    "criteria": {
      "log_spam_fixer": "2024-08-21 18:19:09 +0000"
    },
    "done": false
  },
  "incendium:technical/holy_wrath": {
    "criteria": {
      "log_spam_fixer": "2024-08-21 18:19:09 +0000"
    },
    "done": false
  },
  "incendium:technical/on_block": {
    "criteria": {
      "log_spam_fixer": "2024-08-21 18:19:09 +0000"
    },
    "done": false
  },
  "incendium:technical/inventory/firestorm": {
    "criteria": {
      "log_spam_fixer": "2024-08-21 18:19:09 +0000"
    },
    "done": false
  },
  "incendium:technical/give_ghastling": {
    "criteria": {
      "log_spam_fixer": "2024-08-21 18:19:09 +0000"
    },
    "done": false
  },
  "incendium:technical/on_kill": {
    "criteria": {
      "log_spam_fixer": "2024-08-21 18:19:09 +0000"
    },
    "done": false
  },
  "vampirism:vampire/blood_cult": {
    "criteria": {
      "main": "2024-08-21 18:17:17 +0000"
    },
    "done": false
  },
  "vampirism:vampire/yuck": {
    "criteria": {
      "main": "2024-08-21 18:17:17 +0000"
    },
    "done": false
  },
  "vampirism:vampire/freeze_kill": {
    "criteria": {
      "main": "2024-08-21 18:17:17 +0000"
    },
    "done": false
  },
  "vampirism:vampire/sniped": {
    "criteria": {
      "main": "2024-08-21 18:17:17 +0000"
    },
    "done": false
  },
  "vampirism:vampire/kill_mother": {
    "criteria": {
      "main": "2024-08-21 18:17:17 +0000"
    },
    "done": false
  },
  "vampirism:vampire/first_blood": {
    "criteria": {
      "main": "2024-08-21 18:17:17 +0000"
    },
    "done": false
  },
  "vampirism:vampire/become_vampire": {
    "criteria": {
      "main": "2024-08-21 18:17:17 +0000"
    },
    "done": true
  },
  "vampirism:vampire/extra_storage": {
    "criteria": {
      "main": "2024-08-21 18:17:17 +0000"
    },
    "done": false
  },
  "vampirism:vampire/resurrect": {
    "criteria": {
      "main": "2024-08-21 18:17:17 +0000"
    },
    "done": false
  },
  "vampirism:vampire/bat": {
    "criteria": {
      "main": "2024-08-21 18:17:17 +0000"
    },
    "done": false
  },
  "DataVersion": 3465
}